{
  "hash": "bfc7a8cc",
  "browserHash": "a1ae9567",
  "optimized": {
    "@angular/common": {
      "src": "../../../../../node_modules/@angular/common/fesm2022/common.mjs",
      "file": "@angular_common.js",
      "fileHash": "1df881f5",
      "needsInterop": false
    },
    "@angular/common/http": {
      "src": "../../../../../node_modules/@angular/common/fesm2022/http.mjs",
      "file": "@angular_common_http.js",
      "fileHash": "6ee37dcc",
      "needsInterop": false
    },
    "@angular/core": {
      "src": "../../../../../node_modules/@angular/core/fesm2022/core.mjs",
      "file": "@angular_core.js",
      "fileHash": "4c91e541",
      "needsInterop": false
    },
    "@angular/platform-browser": {
      "src": "../../../../../node_modules/@angular/platform-browser/fesm2022/platform-browser.mjs",
      "file": "@angular_platform-browser.js",
      "fileHash": "900fb644",
      "needsInterop": false
    },
    "@angular/router": {
      "src": "../../../../../node_modules/@angular/router/fesm2022/router.mjs",
      "file": "@angular_router.js",
      "fileHash": "6498b2fc",
      "needsInterop": false
    }
  },
  "chunks": {
    "chunk-CRJ7R3IC": {
      "file": "chunk-CRJ7R3IC.js"
    },
    "chunk-3SBAHM3M": {
      "file": "chunk-3SBAHM3M.js"
    },
    "chunk-2LUOTJJP": {
      "file": "chunk-2LUOTJJP.js"
    },
    "chunk-KOXGXC6M": {
      "file": "chunk-KOXGXC6M.js"
    }
  }
}